Workbook

Sheet Comparação
A1: SKU | B1: Nosso produto | C1: No site? | D1: Preço OMG hoje (R$) | E1: Situação | F1: Produto oficial | G1: Variante | H1: Preço oficial (US$) | I1: Preço cheio (US$) | J1: Disponível lá? | K1: Link oficial | L1: Mercadoria sugerida (R$) | M1: Diferença vs hoje | N1: Observação
A2: MB000945 | B2: Azelaic Acid 10 Ampoule: ampola com 10% de ácido azelaico · 30ml | C2: Sim | D2: 147.9 | E2: Certeiro | F2: Azelaic Acid 10 Ampoule | G2: 30ml | H2: 21.6 | I2: 24 | J2: Sim | K2: https://skin1004.com/products/azelaic-acid-10-ampoule?variant=50120133279990 | L2: =ROUND(H2*(1+Parâmetros!$B$2)*Parâmetros!$B$1,2) | M2: =IF(OR(D2="",L2=""),"",D2/L2-1)
A3: MB000946 | B3: Azelaic Acid 10 Ampoule: ampola com 10% de ácido azelaico · 9ml | C3: Sim | D3: 72.9 | E3: Certeiro | F3: Azelaic Acid 10 Ampoule | G3: 9ml | H3: 10 | J3: Sim | K3: https://skin1004.com/products/azelaic-acid-10-ampoule?variant=50752936378614 | L3: =ROUND(H3*(1+Parâmetros!$B$2)*Parâmetros!$B$1,2) | M3: =IF(OR(D3="",L3=""),"",D3/L3-1)
A4: MB000943 | B4: Azelaic Acid Glass Skin Set: ácido azelaico + discos + creme + protetor | C4: Sim | D4: 436.9 | E4: Certeiro | F4: Azelaic Acid Glass Skin Essential Set | H4: 60 | I4: 75 | J4: Sim | K4: https://skin1004.com/products/azelaic-acid-glass-skin-essential-set-1 | L4: =ROUND(H4*(1+Parâmetros!$B$2)*Parâmetros!$B$1,2) | M4: =IF(OR(D4="",L4=""),"",D4/L4-1)
A5: MB000937 | B5: Centella Ampoule Foam: espuma de limpeza de centella pH 5 · 125ml | C5: Sim | D5: 86.9 | E5: Certeiro | F5: Centella Ampoule Foam | G5: 125ml | H5: 12.6 | I5: 14 | J5: Sim | K5: https://skin1004.com/products/skin1004-madagascar-centella-ampoule-foam?variant=40788189511837 | L5: =ROUND(H5*(1+Parâmetros!$B$2)*Parâmetros!$B$1,2) | M5: =IF(OR(D5="",L5=""),"",D5/L5-1)
A6: MB000936 | B6: Centella Ampoule Foam: espuma de limpeza de centella pH 5 · 20ml | C6: Sim | D6: 28.9 | E6: Certeiro | F6: Centella Ampoule Foam | G6: 20ml | H6: 4 | J6: Sim | K6: https://skin1004.com/products/skin1004-madagascar-centella-ampoule-foam?variant=40788189479069 | L6: =ROUND(H6*(1+Parâmetros!$B$2)*Parâmetros!$B$1,2) | M6: =IF(OR(D6="",L6=""),"",D6/L6-1)
A7: MB000940 | B7: Centella Ampoule: ampola calmante de centella de Madagascar · 30ml | C7: Sim | D7: 68.9 | E7: Certeiro | F7: Centella Ampoule | G7: 30ml | H7: 9.5 | J7: Sim | K7: https://skin1004.com/products/skin1004-madagascar-centella-ampoule?variant=40788189708445 | L7: =ROUND(H7*(1+Parâmetros!$B$2)*Parâmetros!$B$1,2) | M7: =IF(OR(D7="",L7=""),"",D7/L7-1)
A8: MB000939 | B8: Centella Ampoule: ampola calmante de centella de Madagascar · 55ml | C8: Sim | D8: 104.9 | E8: Certeiro | F8: Centella Ampoule | G8: 55ml | H8: 13.5 | I8: 15 | J8: Sim | K8: https://skin1004.com/products/skin1004-madagascar-centella-ampoule?variant=40788189741213 | L8: =ROUND(H8*(1+Parâmetros!$B$2)*Parâmetros!$B$1,2) | M8: =IF(OR(D8="",L8=""),"",D8/L8-1)
A9: MB000932 | B9: Centella Light Cleansing Oil: óleo de limpeza leve com centella · 200ml | C9: Sim | D9: 110.9 | E9: Certeiro | F9: Centella Light Cleansing Oil | G9: 200ml | H9: 18.9 | I9: 21 | J9: Sim | K9: https://skin1004.com/products/skin1004-madagascar-centella-light-cleansing-oil?variant=40788189413533 | L9: =ROUND(H9*(1+Parâmetros!$B$2)*Parâmetros!$B$1,2) | M9: =IF(OR(D9="",L9=""),"",D9/L9-1)
A10: MB000931 | B10: Centella Light Cleansing Oil: óleo de limpeza leve com centella · 30ml | C10: Sim | D10: 39.9 | E10: Certeiro | F10: Centella Light Cleansing Oil | G10: 30ml | H10: 5.5 | J10: Sim | K10: https://skin1004.com/products/skin1004-madagascar-centella-light-cleansing-oil?variant=40788189380765 | L10: =ROUND(H10*(1+Parâmetros!$B$2)*Parâmetros!$B$1,2) | M10: =IF(OR(D10="",L10=""),"",D10/L10-1)
A11: MB000930 | B11: Centella Quick Calming Pad: discos calmantes de centella 70 unidades | C11: Sim | D11: 136.9 | E11: Certeiro | F11: Centella Quick Calming Pad | G11: 70 Pads | H11: 18.9 | I11: 21 | J11: Sim | K11: https://skin1004.com/products/skin1004-madagascar-centella-quick-calming-pad | L11: =ROUND(H11*(1+Parâmetros!$B$2)*Parâmetros!$B$1,2) | M11: =IF(OR(D11="",L11=""),"",D11/L11-1)
A12: MB000928 | B12: Centella Soothing Cream: gel-creme calmante de centella com ceramidas · 75ml | C12: Sim | D12: 110.9 | E12: Certeiro | F12: Centella Soothing Cream | G12: 75ml | H12: 14.4 | I12: 16 | J12: Sim | K12: https://skin1004.com/products/skin1004-madagascar-centella-soothing-cream?variant=40788189839517 | L12: =ROUND(H12*(1+Parâmetros!$B$2)*Parâmetros!$B$1,2) | M12: =IF(OR(D12="",L12=""),"",D12/L12-1)
A13: MB003029 | B13: Centella Teca Ampoule: ampola concentrada de centella com TECA e PDRN 50 ml | C13: Sim | D13: 110.9 | E13: Certeiro | F13: Centella Teca Ampoule | G13: 50ml | H13: 15.3 | I13: 17 | J13: Sim | K13: https://skin1004.com/products/centella-teca-ampoule | L13: =ROUND(H13*(1+Parâmetros!$B$2)*Parâmetros!$B$1,2) | M13: =IF(OR(D13="",L13=""),"",D13/L13-1)
A14: MB003028 | B14: Centella Teca Cream: gel-creme de centella com TECA e PDRN 75 ml | C14: Sim | D14: 130.9 | E14: Certeiro | F14: Centella Teca Cream | G14: 75ml | H14: 18 | I14: 20 | J14: Sim | K14: https://skin1004.com/products/centella-teca-cream | L14: =ROUND(H14*(1+Parâmetros!$B$2)*Parâmetros!$B$1,2) | M14: =IF(OR(D14="",L14=""),"",D14/L14-1)
A15: MB000924 | B15: Centella Teca Intensive Soothing Routine Set: rotina TECA + protetor solar | C15: Sim | D15: 442.9 | E15: Certeiro | F15: Centella Teca Intensive Soothing Routine Set | H15: 60.8 | I15: 76 | J15: Sim | K15: https://skin1004.com/products/centella-teca-intensive-soothing-routine-set | L15: =ROUND(H15*(1+Parâmetros!$B$2)*Parâmetros!$B$1,2) | M15: =IF(OR(D15="",L15=""),"",D15/L15-1)
A16: MB000921 | B16: Centella Teca Soothing Toner: tônico calmante com TECA e LHA 210 ml | C16: Sim | D16: 130.9 | E16: Certeiro | F16: Centella Teca Soothing Toner | G16: 210ml | H16: 18 | I16: 20 | J16: Sim | K16: https://skin1004.com/products/centella-teca-soothing-toner | L16: =ROUND(H16*(1+Parâmetros!$B$2)*Parâmetros!$B$1,2) | M16: =IF(OR(D16="",L16=""),"",D16/L16-1)
A17: MB000919 | B17: Centella Toning Toner: tônico de centella com PHA para uso diário · 210ml | C17: Sim | D17: 117.9 | E17: Certeiro | F17: Centella Toning Toner | G17: 210ml | H17: 16.2 | I17: 18 | J17: Sim | K17: https://skin1004.com/products/skin1004-madagascar-centella-toning-toner?variant=40788189610141 | L17: =ROUND(H17*(1+Parâmetros!$B$2)*Parâmetros!$B$1,2) | M17: =IF(OR(D17="",L17=""),"",D17/L17-1)
A18: MB000918 | B18: Centella Toning Toner: tônico de centella com PHA para uso diário · 30ml | C18: Sim | D18: 35.9 | E18: Certeiro | F18: Centella Toning Toner | G18: 30ml | H18: 5 | J18: Sim | K18: https://skin1004.com/products/skin1004-madagascar-centella-toning-toner?variant=40788189577373 | L18: =ROUND(H18*(1+Parâmetros!$B$2)*Parâmetros!$B$1,2) | M18: =IF(OR(D18="",L18=""),"",D18/L18-1)
A19: MB000920 | B19: Centella Toning Toner: tônico de centella com PHA para uso diário · 400ml | C19: Sim | D19: 169.9 | E19: Certeiro | F19: Centella Toning Toner | G19: 400ml | H19: 23.4 | I19: 26 | J19: Sim | K19: https://skin1004.com/products/skin1004-madagascar-centella-toning-toner?variant=40788189642909 | L19: =ROUND(H19*(1+Parâmetros!$B$2)*Parâmetros!$B$1,2) | M19: =IF(OR(D19="",L19=""),"",D19/L19-1)
A20: MB000915 | B20: Centella Watergel Sheet Ampoule Mask: máscara em folha de centella 25 ml · 25ml | C20: Sim | D20: 20.9 | E20: Certeiro | F20: Centella Watergel Sheet Ampoule Mask | G20: 25ml | H20: 3 | J20: Sim | K20: https://skin1004.com/products/skin1004-madagascar-centella-watergel-sheet-ampoule-mask?variant=40788190003357 | L20: =ROUND(H20*(1+Parâmetros!$B$2)*Parâmetros!$B$1,2) | M20: =IF(OR(D20="",L20=""),"",D20/L20-1)
A21: MB000916 | B21: Centella Watergel Sheet Ampoule Mask: máscara em folha de centella 25 ml · 25ml x 5EA | C21: Sim | D21: 97.9 | E21: Certeiro | F21: Centella Watergel Sheet Ampoule Mask | G21: 25ml x 5EA | H21: 13.5 | I21: 15 | J21: Sim | K21: https://skin1004.com/products/skin1004-madagascar-centella-watergel-sheet-ampoule-mask?variant=40788190036125 | L21: =ROUND(H21*(1+Parâmetros!$B$2)*Parâmetros!$B$1,2) | M21: =IF(OR(D21="",L21=""),"",D21/L21-1)
A22: MB000913 | B22: Daily Moisture Routine Duo: creme Hyalu-Cica + sérum solar Water-Fit FPS 50 | C22: Sim | D22: 232.9 | E22: Certeiro | F22: Daily Moisture Routine Duo | H22: 32 | I22: 40 | J22: Sim | K22: https://skin1004.com/products/daily-moisture-routine-duo | L22: =ROUND(H22*(1+Parâmetros!$B$2)*Parâmetros!$B$1,2) | M22: =IF(OR(D22="",L22=""),"",D22/L22-1)
A23: MB000912 | B23: Double Cleansing Duo: óleo de limpeza + espuma de centella | C23: Sim | D23: 203.9 | E23: Certeiro | F23: Double Cleansing Duo | H23: 28 | I23: 35 | J23: Sim | K23: https://skin1004.com/products/double-cleansing-duo-1 | L23: =ROUND(H23*(1+Parâmetros!$B$2)*Parâmetros!$B$1,2) | M23: =IF(OR(D23="",L23=""),"",D23/L23-1)
A24: MB000910 | B24: Hyalu-Cica Blue Serum: sérum hidratante com ácido hialurônico e centella | C24: Sim | D24: 101.9 | E24: Certeiro | F24: Hyalu-Cica Blue Serum | G24: 30ml | H24: 14 | J24: Sim | K24: https://skin1004.com/products/skin1004-madagascar-centella-hyalu-cica-blue-serum?variant=40788190396573 | L24: =ROUND(H24*(1+Parâmetros!$B$2)*Parâmetros!$B$1,2) | M24: =IF(OR(D24="",L24=""),"",D24/L24-1)
A25: MB000909 | B25: Hyalu-Cica Brightening Toner: tônico hidratante e iluminador com AHA e LHA · 210ml | C25: Sim | D25: 130.9 | E25: Certeiro | F25: Hyalu-Cica Brightening Toner | G25: 210ml | H25: 18 | I25: 20 | J25: Sim | K25: https://skin1004.com/products/skin1004-madagascar-centella-hyalu-cica-brightening-toner?variant=40788190331037 | L25: =ROUND(H25*(1+Parâmetros!$B$2)*Parâmetros!$B$1,2) | M25: =IF(OR(D25="",L25=""),"",D25/L25-1)
A26: MB000908 | B26: Hyalu-Cica Brightening Toner: tônico hidratante e iluminador com AHA e LHA · 30ml | C26: Sim | D26: 42.9 | E26: Certeiro | F26: Hyalu-Cica Brightening Toner | G26: 30ml | H26: 6 | J26: Sim | K26: https://skin1004.com/products/skin1004-madagascar-centella-hyalu-cica-brightening-toner?variant=40788190298269 | L26: =ROUND(H26*(1+Parâmetros!$B$2)*Parâmetros!$B$1,2) | M26: =IF(OR(D26="",L26=""),"",D26/L26-1)
A27: MB000906 | B27: Hyalu-Cica First Ampoule: ampola hidratante de primeiro passo · 100ml | C27: Sim | D27: 150.9 | E27: Certeiro | F27: Hyalu-Cica First Ampoule | G27: 100ml | H27: 20.7 | I27: 23 | J27: Sim | K27: https://skin1004.com/products/skin1004-madagascar-centella-hyalu-cica-first-ampoule?variant=45493248458998 | L27: =ROUND(H27*(1+Parâmetros!$B$2)*Parâmetros!$B$1,2) | M27: =IF(OR(D27="",L27=""),"",D27/L27-1)
A28: MB000907 | B28: Hyalu-Cica First Ampoule: ampola hidratante de primeiro passo · 50ml | C28: Sim | D28: 107.9 | E28: Certeiro | F28: Hyalu-Cica First Ampoule | G28: 50ml | H28: 14.85 | I28: 16.5 | J28: Sim | K28: https://skin1004.com/products/skin1004-madagascar-centella-hyalu-cica-first-ampoule?variant=45493248491766 | L28: =ROUND(H28*(1+Parâmetros!$B$2)*Parâmetros!$B$1,2) | M28: =IF(OR(D28="",L28=""),"",D28/L28-1)
A29: MB000903 | B29: Hyalu-Cica Hydrating Mask: máscara em folha com 8 ácidos hialurônicos 23 ml · 23ml | C29: Sim | D29: 20.9 | E29: Certeiro | F29: Hyalu-Cica Hydrating Mask | G29: 23ml | H29: 3 | J29: Sim | K29: https://skin1004.com/products/hyalu-cica-hydrating-mask?variant=49826893234422 | L29: =ROUND(H29*(1+Parâmetros!$B$2)*Parâmetros!$B$1,2) | M29: =IF(OR(D29="",L29=""),"",D29/L29-1)
A30: MB000904 | B30: Hyalu-Cica Hydrating Mask: máscara em folha com 8 ácidos hialurônicos 23 ml · 23ml x 5ea | C30: Sim | D30: 97.9 | E30: Certeiro | F30: Hyalu-Cica Hydrating Mask | G30: 23ml x 5ea | H30: 13.5 | I30: 15 | J30: Sim | K30: https://skin1004.com/products/hyalu-cica-hydrating-mask?variant=49826893267190 | L30: =ROUND(H30*(1+Parâmetros!$B$2)*Parâmetros!$B$1,2) | M30: =IF(OR(D30="",L30=""),"",D30/L30-1)
A31: MB000902 | B31: Hyalu-Cica Jelly-Fit Ampoule Pad: discos em gel com ácido hialurônico 60 unidades | C31: Sim | D31: 136.9 | E31: Certeiro | F31: Hyalu-Cica Jelly-Fit Ampoule Pad | G31: 60ea | H31: 18.9 | I31: 21 | J31: Sim | K31: https://skin1004.com/products/hyalu-cica-jelly-fit-ampoule-pad | L31: =ROUND(H31*(1+Parâmetros!$B$2)*Parâmetros!$B$1,2) | M31: =IF(OR(D31="",L31=""),"",D31/L31-1)
A32: MB000901 | B32: Hyalu-Cica Moisture Cream: creme hidratante com ácido hialurônico e colágeno · 30ml | C32: Sim | D32: 64.9 | E32: Certeiro | F32: Hyalu-Cica Moisture Cream | G32: 30ml | H32: 9 | J32: Sim | K32: https://skin1004.com/products/madagascar-centella-hyalu-cica-moisture-cream-75ml?variant=50111823872246 | L32: =ROUND(H32*(1+Parâmetros!$B$2)*Parâmetros!$B$1,2) | M32: =IF(OR(D32="",L32=""),"",D32/L32-1)
A33: MB000900 | B33: Hyalu-Cica Moisture Cream: creme hidratante com ácido hialurônico e colágeno · 75ml | C33: Sim | D33: 136.9 | E33: Certeiro | F33: Hyalu-Cica Moisture Cream | G33: 75ml | H33: 18.9 | I33: 21 | J33: Sim | K33: https://skin1004.com/products/madagascar-centella-hyalu-cica-moisture-cream-75ml?variant=50098851283190 | L33: =ROUND(H33*(1+Parâmetros!$B$2)*Parâmetros!$B$1,2) | M33: =IF(OR(D33="",L33=""),"",D33/L33-1)
A34: MB000897 | B34: Hyalu-Cica Sleeping Pack: máscara noturna em gel com ácido hialurônico | C34: Sim | D34: 50.9 | E34: Certeiro | F34: Hyalu-Cica Sleeping Pack | G34: 30ml | H34: 7 | J34: Sim | K34: https://skin1004.com/products/skin1004-madagascar-centella-hyalu-cica-sleeping-pack?variant=40788190462109 | L34: =ROUND(H34*(1+Parâmetros!$B$2)*Parâmetros!$B$1,2) | M34: =IF(OR(D34="",L34=""),"",D34/L34-1)
A35: MB000895 | B35: Hyalu-Cica Travel Kit: rotina hidratante em 4 minis de 30 ml | C35: Sim | D35: 160.9 | E35: Certeiro | F35: Hyalu-Cica Travel Kit | G35: 4-piece Kit | H35: 22.1 | I35: 26 | J35: Sim | K35: https://skin1004.com/products/hyalu-cica-travel-kit | L35: =ROUND(H35*(1+Parâmetros!$B$2)*Parâmetros!$B$1,2) | M35: =IF(OR(D35="",L35=""),"",D35/L35-1)
A36: MB000889 | B36: Hyalu-Cica Water-Fit Sun Serum UV: sérum protetor solar FPS 50 amplo espectro · 50ml | C36: Sim | D36: 123.9 | E36: Certeiro | F36: Hyalu-Cica Water-Fit Sun Serum UV | G36: 50ml | H36: 17.1 | I36: 19 | J36: Sim | K36: https://skin1004.com/products/hyalu-cica-water-fit-sun-serum-uv?variant=49278926487798 | L36: =ROUND(H36*(1+Parâmetros!$B$2)*Parâmetros!$B$1,2) | M36: =IF(OR(D36="",L36=""),"",D36/L36-1)
A37: MB000890 | B37: Hyalu-Cica Water-Fit Sun Serum UV: sérum protetor solar FPS 50 amplo espectro · Twin Pack (50ml x 2) | C37: Sim | D37: 166.9 | E37: Certeiro | F37: Hyalu-Cica Water-Fit Sun Serum UV | G37: Twin Pack (50ml x 2) | H37: 24.3 | I37: 27 | J37: Sim | K37: https://skin1004.com/products/hyalu-cica-water-fit-sun-serum-uv?variant=51261874995446 | L37: =ROUND(H37*(1+Parâmetros!$B$2)*Parâmetros!$B$1,2) | M37: =IF(OR(D37="",L37=""),"",D37/L37-1)
A38: MB000888 | B38: Hyalu-Teca Firming Cream: creme firmador com ácido hialurônico e TECA 50 ml | C38: Sim | D38: 136.9 | E38: Certeiro | F38: Hyalu-Teca Firming Cream | G38: 50ml | H38: 18.9 | I38: 21 | J38: Sim | K38: https://skin1004.com/products/hyalu-teca-firming-cream | L38: =ROUND(H38*(1+Parâmetros!$B$2)*Parâmetros!$B$1,2) | M38: =IF(OR(D38="",L38=""),"",D38/L38-1)
A39: MB000887 | B39: Hyalu-Teca Glass Skin Milk: essência leitosa hidratante e iluminadora 210 ml | C39: Sim | D39: 143.9 | E39: Certeiro | F39: Hyalu-Teca Glass Skin Milk | G39: 210ml | H39: 19.8 | I39: 22 | J39: Sim | K39: https://skin1004.com/products/hyalu-teca-glass-skin-milk | L39: =ROUND(H39*(1+Parâmetros!$B$2)*Parâmetros!$B$1,2) | M39: =IF(OR(D39="",L39=""),"",D39/L39-1)
A40: MB000886 | B40: Hyalu-Teca Moisture Glow Ritual Set: ampola + essência leitosa + creme | C40: Sim | D40: 360.9 | E40: Certeiro | F40: Hyalu-Teca Moisture Glow Ritual Set | H40: 49.6 | I40: 62 | J40: Sim | K40: https://skin1004.com/products/hyalu-teca-moisture-glow-ritual-set | L40: =ROUND(H40*(1+Parâmetros!$B$2)*Parâmetros!$B$1,2) | M40: =IF(OR(D40="",L40=""),"",D40/L40-1)
A41: MB000885 | B41: Hyalu-Teca Plumping Ampoule: ampola de ácido hialurônico e TECA 50 ml | C41: Sim | D41: 123.9 | E41: Certeiro | F41: Hyalu-Teca Plumping Ampoule | G41: 50ml | H41: 17.1 | I41: 19 | J41: Sim | K41: https://skin1004.com/products/hyalu-teca-plumping-ampoule | L41: =ROUND(H41*(1+Parâmetros!$B$2)*Parâmetros!$B$1,2) | M41: =IF(OR(D41="",L41=""),"",D41/L41-1)
A42: MB000884 | B42: Matrixyl 10 Boosting Shot Ampoule: ampola com 10% de Matrixyl 3000 30 ml | C42: Sim | D42: 182.9 | E42: Certeiro | F42: Matrixyl 10 Boosting Shot Ampoule | G42: 30ml | H42: 25.2 | I42: 28 | J42: Sim | K42: https://skin1004.com/products/matrixyl-10-boosting-shot-ampoule | L42: =ROUND(H42*(1+Parâmetros!$B$2)*Parâmetros!$B$1,2) | M42: =IF(OR(D42="",L42=""),"",D42/L42-1)
A43: MB000883 | B43: Niacinamide 10 Boosting Shot Ampoule: ampola com 10% de niacinamida 30 ml | C43: Sim | D43: 143.9 | E43: Certeiro | F43: Niacinamide 10 Boosting Shot Ampoule | G43: 30ml | H43: 19.8 | I43: 22 | J43: Sim | K43: https://skin1004.com/products/niacinamide-10-boosting-shot-ampoule?variant=48360730755318 | L43: =ROUND(H43*(1+Parâmetros!$B$2)*Parâmetros!$B$1,2) | M43: =IF(OR(D43="",L43=""),"",D43/L43-1)
A44: MB003030 | B44: PDRN 1.5 Cream: creme barreira com 1,5% de PDRN vegetal 30 ml | C44: Sim | D44: 135.9 | E44: Certeiro | F44: PDRN 1.5 Cream | G44: 30ml | H44: 19.8 | I44: 22 | J44: Sim | K44: https://skin1004.com/products/pdrn-1-5-cream | L44: =ROUND(H44*(1+Parâmetros!$B$2)*Parâmetros!$B$1,2) | M44: =IF(OR(D44="",L44=""),"",D44/L44-1)
A45: MB000881 | B45: Perfect Anti-Aging Routine Set: ampola + creme + creme para a área dos olhos Probio-Cica | C45: Sim | D45: 477.9 | E45: Certeiro | F45: Perfect Anti-Aging Routine Set | H45: 70.4 | I45: 88 | J45: Sim | K45: https://skin1004.com/products/perfect-anti-aging-routine-set | L45: =ROUND(H45*(1+Parâmetros!$B$2)*Parâmetros!$B$1,2) | M45: =IF(OR(D45="",L45=""),"",D45/L45-1)
A46: MB000879 | B46: Pick Your Boost Set: trio de ampolas Boosting Shot (niacinamida, Matrixyl e retinol) | C46: Sim | D46: 430.9 | E46: Certeiro | F46: Pick Your Boost Set | H46: 59.2 | I46: 74 | J46: Sim | K46: https://skin1004.com/products/pick-your-boost-set-1 | L46: =ROUND(H46*(1+Parâmetros!$B$2)*Parâmetros!$B$1,2) | M46: =IF(OR(D46="",L46=""),"",D46/L46-1)
A47: MB000877 | B47: Poremizing Clarifying Mask: máscara em folha para poros com sal rosa 23 ml · 23ml | C47: Sim | D47: 20.9 | E47: Certeiro | F47: Poremizing Clarifying Mask | G47: 23ml | H47: 3 | J47: Esgotado | K47: https://skin1004.com/products/poremizing-clarifying-mask?variant=49826900607222 | L47: =ROUND(H47*(1+Parâmetros!$B$2)*Parâmetros!$B$1,2) | M47: =IF(OR(D47="",L47=""),"",D47/L47-1)
A48: MB000878 | B48: Poremizing Clarifying Mask: máscara em folha para poros com sal rosa 23 ml · 23ml x 5ea | C48: Sim | D48: 97.9 | E48: Certeiro | F48: Poremizing Clarifying Mask | G48: 23ml x 5ea | H48: 13.5 | I48: 15 | J48: Sim | K48: https://skin1004.com/products/poremizing-clarifying-mask?variant=49826900639990 | L48: =ROUND(H48*(1+Parâmetros!$B$2)*Parâmetros!$B$1,2) | M48: =IF(OR(D48="",L48=""),"",D48/L48-1)
A49: MB000875 | B49: Poremizing Clear Toner: tônico esfoliante com AHA, BHA, PHA e LHA 210 ml | C49: Sim | D49: 123.9 | E49: Certeiro | F49: Poremizing Clear Toner | G49: 210ml | H49: 17.1 | I49: 19 | J49: Sim | K49: https://skin1004.com/products/poremizing-clear-toner | L49: =ROUND(H49*(1+Parâmetros!$B$2)*Parâmetros!$B$1,2) | M49: =IF(OR(D49="",L49=""),"",D49/L49-1)
A50: MB000874 | B50: Poremizing Deep Cleansing Foam: espuma de limpeza profunda com sal rosa 125 ml | C50: Sim | D50: 96.9 | E50: Certeiro | F50: Poremizing Deep Cleansing Foam | G50: 125ml | H50: 12.6 | I50: 14 | J50: Sim | K50: https://skin1004.com/products/poremizing-deep-cleansing-foam | L50: =ROUND(H50*(1+Parâmetros!$B$2)*Parâmetros!$B$1,2) | M50: =IF(OR(D50="",L50=""),"",D50/L50-1)
A51: MB000873 | B51: Poremizing Fresh Ampoule: ampola para poros com sal rosa e peptídeos · 100ml | C51: Sim | D51: 113.9 | E51: Certeiro | F51: Poremizing Fresh Ampoule | G51: 100ml | H51: 20.7 | I51: 23 | J51: Sim | K51: https://skin1004.com/products/poremizing-fresh-ampoule?variant=43861479522550 | L51: =ROUND(H51*(1+Parâmetros!$B$2)*Parâmetros!$B$1,2) | M51: =IF(OR(D51="",L51=""),"",D51/L51-1)
A52: MB000871 | B52: Poremizing Fresh Ampoule: ampola para poros com sal rosa e peptídeos · 30ml | C52: Sim | D52: 68.9 | E52: Certeiro | F52: Poremizing Fresh Ampoule | G52: 30ml | H52: 9.5 | J52: Sim | K52: https://skin1004.com/products/poremizing-fresh-ampoule?variant=45493099397366 | L52: =ROUND(H52*(1+Parâmetros!$B$2)*Parâmetros!$B$1,2) | M52: =IF(OR(D52="",L52=""),"",D52/L52-1)
A53: MB000872 | B53: Poremizing Fresh Ampoule: ampola para poros com sal rosa e peptídeos · 50ml | C53: Sim | D53: 104.9 | E53: Certeiro | F53: Poremizing Fresh Ampoule | G53: 50ml | H53: 15.3 | I53: 17 | J53: Sim | K53: https://skin1004.com/products/poremizing-fresh-ampoule?variant=45493099364598 | L53: =ROUND(H53*(1+Parâmetros!$B$2)*Parâmetros!$B$1,2) | M53: =IF(OR(D53="",L53=""),"",D53/L53-1)
A54: MB000870 | B54: Poremizing Glow Wrapping Mask: máscara peel-off rosa para poros 100 ml | C54: Sim | D54: 130.9 | E54: Certeiro | F54: Poremizing Glow Wrapping Mask | H54: 18 | I54: 20 | J54: Sim | K54: https://skin1004.com/products/poremizing-glow-wrapping-mask-1 | L54: =ROUND(H54*(1+Parâmetros!$B$2)*Parâmetros!$B$1,2) | M54: =IF(OR(D54="",L54=""),"",D54/L54-1)
A55: MB000869 | B55: Poremizing Light Gel Cream: gel-creme refrescante para poros 75 ml | C55: Sim | D55: 103.9 | E55: Certeiro | F55: Poremizing Light Gel Cream | G55: 75ml | H55: 18.9 | I55: 21 | J55: Sim | K55: https://skin1004.com/products/poremizing-light-gel-cream | L55: =ROUND(H55*(1+Parâmetros!$B$2)*Parâmetros!$B$1,2) | M55: =IF(OR(D55="",L55=""),"",D55/L55-1)
A56: MB000868 | B56: Poremizing Quick Clay Stick Mask: máscara de argila em bastão 27 g | C56: Sim | D56: 99.9 | E56: Certeiro | F56: Poremizing Quick Clay Stick Mask | G56: 27g | H56: 19.8 | I56: 22 | J56: Sim | K56: https://skin1004.com/products/poremizing-quick-clay-stick-mask | L56: =ROUND(H56*(1+Parâmetros!$B$2)*Parâmetros!$B$1,2) | M56: =IF(OR(D56="",L56=""),"",D56/L56-1)
A57: MB000865 | B57: Probio-Cica Bakuchiol Eye Cream: creme para a área dos olhos com bakuchiol 20 ml · 20ml | C57: Sim | D57: 98.9 | E57: Certeiro | F57: Probio-Cica Bakuchiol Eye Cream | G57: 20ml | H57: 18.9 | I57: 21 | J57: Sim | K57: https://skin1004.com/products/probio-cica-bakuchiol-eye-cream?variant=46026428383478 | L57: =ROUND(H57*(1+Parâmetros!$B$2)*Parâmetros!$B$1,2) | M57: =IF(OR(D57="",L57=""),"",D57/L57-1)
A58: MB000864 | B58: Probio-Cica Bakuchiol Eye Cream: creme para a área dos olhos com bakuchiol 20 ml · Twin Pack (20ml x 2) | C58: Sim | D58: 218.9 | E58: Certeiro | F58: Probio-Cica Bakuchiol Eye Cream | G58: Twin Pack (20ml x 2) | H58: 27 | I58: 30 | J58: Sim | K58: https://skin1004.com/products/probio-cica-bakuchiol-eye-cream?variant=46026428449014 | L58: =ROUND(H58*(1+Parâmetros!$B$2)*Parâmetros!$B$1,2) | M58: =IF(OR(D58="",L58=""),"",D58/L58-1)
A59: MB000862 | B59: Probio-Cica Enrich Cream: creme nutritivo de centella fermentada · 15ml | C59: Sim | D59: 72.9 | E59: Certeiro | F59: Probio-Cica Enrich Cream | G59: 15ml | H59: 10 | J59: Sim | K59: https://skin1004.com/products/probio-cica-enrich-cream?variant=45493266514166 | L59: =ROUND(H59*(1+Parâmetros!$B$2)*Parâmetros!$B$1,2) | M59: =IF(OR(D59="",L59=""),"",D59/L59-1)
A60: MB000863 | B60: Probio-Cica Enrich Cream: creme nutritivo de centella fermentada · 50ml | C60: Sim | D60: 156.9 | E60: Certeiro | F60: Probio-Cica Enrich Cream | G60: 50ml | H60: 21.6 | I60: 24 | J60: Sim | K60: https://skin1004.com/products/probio-cica-enrich-cream?variant=45360183607542 | L60: =ROUND(H60*(1+Parâmetros!$B$2)*Parâmetros!$B$1,2) | M60: =IF(OR(D60="",L60=""),"",D60/L60-1)
A61: MB000861 | B61: Probio-Cica Essence Toner: tônico essência com centella fermentada 210 ml | C61: Sim | D61: 136.9 | E61: Certeiro | F61: Probio-Cica Essence Toner | G61: 210ml | H61: 18.9 | I61: 21 | J61: Sim | K61: https://skin1004.com/products/probio-cica-essence-toner | L61: =ROUND(H61*(1+Parâmetros!$B$2)*Parâmetros!$B$1,2) | M61: =IF(OR(D61="",L61=""),"",D61/L61-1)
A62: MB000859 | B62: Probio-Cica Intensive Ampoule: ampola de centella fermentada com ceramida · 30ml | C62: Sim | D62: 94.9 | E62: Certeiro | F62: Probio-Cica Intensive Ampoule | G62: 30ml | H62: 13 | J62: Sim | K62: https://skin1004.com/products/probio-cica-intensive-ampoule?variant=50349565378806 | L62: =ROUND(H62*(1+Parâmetros!$B$2)*Parâmetros!$B$1,2) | M62: =IF(OR(D62="",L62=""),"",D62/L62-1)
A63: MB000857 | B63: Probio-Cica Intensive Ampoule: ampola de centella fermentada com ceramida · 50ml | C63: Sim | D63: 145.9 | E63: Certeiro | F63: Probio-Cica Intensive Ampoule | G63: 50ml | H63: 19.8 | I63: 22 | J63: Sim | K63: https://skin1004.com/products/probio-cica-intensive-ampoule?variant=45360175186166 | L63: =ROUND(H63*(1+Parâmetros!$B$2)*Parâmetros!$B$1,2) | M63: =IF(OR(D63="",L63=""),"",D63/L63-1)
A64: MB000858 | B64: Probio-Cica Intensive Ampoule: ampola de centella fermentada com ceramida · 95ml | C64: Sim | D64: 218.9 | E64: Certeiro | F64: Probio-Cica Intensive Ampoule | G64: 95ml | H64: 27 | I64: 30 | J64: Sim | K64: https://skin1004.com/products/probio-cica-intensive-ampoule?variant=45360175218934 | L64: =ROUND(H64*(1+Parâmetros!$B$2)*Parâmetros!$B$1,2) | M64: =IF(OR(D64="",L64=""),"",D64/L64-1)
A65: MB000855 | B65: Probio-Cica Nourishing Mask: máscara em folha nutritiva com centella fermentada 22 ml · 22ml | C65: Sim | D65: 20.9 | E65: Certeiro | F65: Probio-Cica Nourishing Mask | G65: 22ml | H65: 3 | J65: Sim | K65: https://skin1004.com/products/probio-cica-nourishing-mask?variant=49824653148406 | L65: =ROUND(H65*(1+Parâmetros!$B$2)*Parâmetros!$B$1,2) | M65: =IF(OR(D65="",L65=""),"",D65/L65-1)
A66: MB000856 | B66: Probio-Cica Nourishing Mask: máscara em folha nutritiva com centella fermentada 22 ml · 22ml x 5ea | C66: Sim | D66: 97.9 | E66: Certeiro | F66: Probio-Cica Nourishing Mask | G66: 22ml x 5ea | H66: 13.5 | I66: 15 | J66: Sim | K66: https://skin1004.com/products/probio-cica-nourishing-mask?variant=49824653181174 | L66: =ROUND(H66*(1+Parâmetros!$B$2)*Parâmetros!$B$1,2) | M66: =IF(OR(D66="",L66=""),"",D66/L66-1)
A67: MB003027 | B67: Retinol 0.2 Boosting Shot Ampoule: ampola com 0,2% de retinol e retinal 30 ml | C67: Sim | D67: 156.9 | E67: Certeiro | F67: Retinol 0.2 Boosting Shot Ampoule | G67: 30ml | H67: 21.6 | I67: 24 | J67: Sim | K67: https://skin1004.com/products/retinol-0-2-boosting-shot-ampoule?variant=48360850194678 | L67: =ROUND(H67*(1+Parâmetros!$B$2)*Parâmetros!$B$1,2) | M67: =IF(OR(D67="",L67=""),"",D67/L67-1)
A68: MB000853 | B68: Retinol Glow Routine Set: tônico + ampola de retinol 0,2% + creme calmante | C68: Sim | D68: 337.9 | E68: Certeiro | F68: Retinol Glow Routine Set | H68: 46.4 | I68: 58 | J68: Sim | K68: https://skin1004.com/products/retinol-glow-routine-set | L68: =ROUND(H68*(1+Parâmetros!$B$2)*Parâmetros!$B$1,2) | M68: =IF(OR(D68="",L68=""),"",D68/L68-1)
A69: MB000849 | B69: Tea-Trica B5 Cream: gel-creme calmante com 5% de pantenol 75 ml | C69: Sim | D69: 136.9 | E69: Certeiro | F69: Tea-Trica B5 Cream | G69: 75ml | H69: 18.9 | I69: 21 | J69: Sim | K69: https://skin1004.com/products/skin1004-madagascar-centella-tea-trica-b5-cream | L69: =ROUND(H69*(1+Parâmetros!$B$2)*Parâmetros!$B$1,2) | M69: =IF(OR(D69="",L69=""),"",D69/L69-1)
A70: MB000848 | B70: Tea-Trica BHA Foam: espuma de limpeza com BHA e melaleuca 125 ml | C70: Sim | D70: 97.9 | E70: Certeiro | F70: Tea-Trica BHA Foam | G70: 125ml | H70: 13.5 | I70: 15 | J70: Sim | K70: https://skin1004.com/products/tea-trica-bha-foam | L70: =ROUND(H70*(1+Parâmetros!$B$2)*Parâmetros!$B$1,2) | M70: =IF(OR(D70="",L70=""),"",D70/L70-1)
A71: MB000847 | B71: Tea-Trica Mild Peeling Gel: gel esfoliante suave com melaleuca 125 ml | C71: Sim | D71: 117.9 | E71: Certeiro | F71: Tea-Trica Mild Peeling Gel | G71: 125ml | H71: 18 | J71: Sim | K71: https://skin1004.com/products/tea-trica-mild-peeling-gel-1 | L71: =ROUND(H71*(1+Parâmetros!$B$2)*Parâmetros!$B$1,2) | M71: =IF(OR(D71="",L71=""),"",D71/L71-1)
A72: MB000846 | B72: Tea-Trica Purifying Toner: tônico de melaleuca com BHA 210 ml | C72: Sim | D72: 130.9 | E72: Certeiro | F72: Tea-Trica Purifying Toner | G72: 210ml | H72: 18 | I72: 20 | J72: Sim | K72: https://skin1004.com/products/tea-trica-purifying-toner | L72: =ROUND(H72*(1+Parâmetros!$B$2)*Parâmetros!$B$1,2) | M72: =IF(OR(D72="",L72=""),"",D72/L72-1)
A73: MB000844 | B73: Tea-Trica Relaxing Mask: máscara em folha calmante com melaleuca e BHA 24 ml · 24ml | C73: Sim | D73: 20.9 | E73: Certeiro | F73: Tea-Trica Relaxing Mask | G73: 24ml | H73: 3 | J73: Sim | K73: https://skin1004.com/products/tea-trica-relaxing-mask?variant=49826882420982 | L73: =ROUND(H73*(1+Parâmetros!$B$2)*Parâmetros!$B$1,2) | M73: =IF(OR(D73="",L73=""),"",D73/L73-1)
A74: MB000845 | B74: Tea-Trica Relaxing Mask: máscara em folha calmante com melaleuca e BHA 24 ml · 24ml x 5ea | C74: Sim | D74: 97.9 | E74: Certeiro | F74: Tea-Trica Relaxing Mask | G74: 24ml x 5ea | H74: 13.5 | I74: 15 | J74: Sim | K74: https://skin1004.com/products/tea-trica-relaxing-mask?variant=49826882453750 | L74: =ROUND(H74*(1+Parâmetros!$B$2)*Parâmetros!$B$1,2) | M74: =IF(OR(D74="",L74=""),"",D74/L74-1)
A75: MB000842 | B75: Tea-Trica Relief Ampoule: ampola calmante de melaleuca para pele oleosa · 30ml | C75: Sim | D75: 70.9 | E75: Certeiro | F75: Tea-Trica Relief Ampoule | G75: 30ml | H75: 9.8 | J75: Sim | K75: https://skin1004.com/products/tea-trica-relief-ampoule?variant=45493283291382 | L75: =ROUND(H75*(1+Parâmetros!$B$2)*Parâmetros!$B$1,2) | M75: =IF(OR(D75="",L75=""),"",D75/L75-1)
A76: MB000840 | B76: Tea-Trica SOS Relief Set: kit calmante com 4 produtos para pele oleosa | C76: Sim | D76: 459.9 | E76: Certeiro | F76: Tea-Trica SOS Relief Set | H76: 63.2 | I76: 79 | J76: Sim | K76: https://skin1004.com/products/tea-trica-intensive-calming-set-1 | L76: =ROUND(H76*(1+Parâmetros!$B$2)*Parâmetros!$B$1,2) | M76: =IF(OR(D76="",L76=""),"",D76/L76-1)
A77: MB000838 | B77: Tea-Trica Spot Cream: gel localizado de melaleuca e TECA 20 ml | C77: Sim | D77: 123.9 | E77: Certeiro | F77: Tea-Trica Spot Cream | G77: 20ml | H77: 17.1 | I77: 19 | J77: Sim | K77: https://skin1004.com/products/tea-trica-spot-cream | L77: =ROUND(H77*(1+Parâmetros!$B$2)*Parâmetros!$B$1,2) | M77: =IF(OR(D77="",L77=""),"",D77/L77-1)
A78: MB000837 | B78: Tea-Trica Travel Kit: rotina de melaleuca para oleosidade em 4 minis | C78: Sim | D78: 135.9 | E78: Certeiro | F78: Tea-Trica Travel Kit | G78: 4-piece Kit | H78: 18.7 | I78: 22 | J78: Sim | K78: https://skin1004.com/products/tea-trica-travel-kit | L78: =ROUND(H78*(1+Parâmetros!$B$2)*Parâmetros!$B$1,2) | M78: =IF(OR(D78="",L78=""),"",D78/L78-1)
A79: MB000835 | B79: Tone Brightening Boosting Toner: tônico iluminador com frutas e niacinamida 210 ml | C79: Sim | D79: 130.9 | E79: Certeiro | F79: Tone Brightening Boosting Toner | G79: 210ml | H79: 18 | I79: 20 | J79: Sim | K79: https://skin1004.com/products/skin1004-madagascar-centella-tone-brightening-boosting-toner | L79: =ROUND(H79*(1+Parâmetros!$B$2)*Parâmetros!$B$1,2) | M79: =IF(OR(D79="",L79=""),"",D79/L79-1)
A80: MB000834 | B80: Tone Brightening Capsule Ampoule: ampola iluminadora com niacinamida · 100ml | C80: Sim | D80: 113.9 | E80: Certeiro | F80: Tone Brightening Capsule Ampoule | G80: 100ml | H80: 21.6 | I80: 24 | J80: Sim | K80: https://skin1004.com/products/skin1004-madagascar-centella-tone-brightening-capsule-ampoule?variant=40788191314077 | L80: =ROUND(H80*(1+Parâmetros!$B$2)*Parâmetros!$B$1,2) | M80: =IF(OR(D80="",L80=""),"",D80/L80-1)
A81: MB000832 | B81: Tone Brightening Capsule Ampoule: ampola iluminadora com niacinamida · 30ml | C81: Sim | D81: 64.9 | E81: Certeiro | F81: Tone Brightening Capsule Ampoule | G81: 30ml | H81: 9 | J81: Sim | K81: https://skin1004.com/products/skin1004-madagascar-centella-tone-brightening-capsule-ampoule?variant=45493139276022 | L81: =ROUND(H81*(1+Parâmetros!$B$2)*Parâmetros!$B$1,2) | M81: =IF(OR(D81="",L81=""),"",D81/L81-1)
A82: MB000833 | B82: Tone Brightening Capsule Ampoule: ampola iluminadora com niacinamida · 50ml | C82: Sim | D82: 104.9 | E82: Certeiro | F82: Tone Brightening Capsule Ampoule | G82: 50ml | H82: 15.3 | I82: 17 | J82: Sim | K82: https://skin1004.com/products/skin1004-madagascar-centella-tone-brightening-capsule-ampoule?variant=46770920947958 | L82: =ROUND(H82*(1+Parâmetros!$B$2)*Parâmetros!$B$1,2) | M82: =IF(OR(D82="",L82=""),"",D82/L82-1)
A83: MB000831 | B83: Tone Brightening Capsule Cream: creme iluminador em cápsulas 75 ml | C83: Sim | D83: 136.9 | E83: Certeiro | F83: Tone Brightening Capsule Cream | G83: 75ml | H83: 18.9 | I83: 21 | J83: Sim | K83: https://skin1004.com/products/madagascar-centella-tone-brightening-capsule-cream-75m | L83: =ROUND(H83*(1+Parâmetros!$B$2)*Parâmetros!$B$1,2) | M83: =IF(OR(D83="",L83=""),"",D83/L83-1)
A84: MB000830 | B84: Tone Brightening Cleansing Gel Foam: gel de limpeza iluminador 125 ml | C84: Sim | D84: 90.9 | E84: Certeiro | F84: Tone Brightening Cleansing Gel Foam | G84: 125ml | H84: 12.6 | I84: 14 | J84: Sim | K84: https://skin1004.com/products/skin1004-madagascar-centella-tone-brightening-cleansing-gel-foam | L84: =ROUND(H84*(1+Parâmetros!$B$2)*Parâmetros!$B$1,2) | M84: =IF(OR(D84="",L84=""),"",D84/L84-1)
A85: MB000829 | B85: Tone Brightening Dark Spot Ampoule Pad: discos iluminadores com niacinamida 60 unidades | C85: Sim | D85: 143.9 | E85: Certeiro | F85: Tone Brightening Dark Spot Ampoule Pad | G85: 60ea | H85: 19.8 | I85: 22 | J85: Sim | K85: https://skin1004.com/products/tone-brightening-dark-spot-ampoule-pad | L85: =ROUND(H85*(1+Parâmetros!$B$2)*Parâmetros!$B$1,2) | M85: =IF(OR(D85="",L85=""),"",D85/L85-1)
A86: MB000827 | B86: Tone Brightening Glow Mask: máscara em folha iluminadora com niacinamida 25 ml · 25ml | C86: Sim | D86: 20.9 | E86: Certeiro | F86: Tone Brightening Glow Mask | G86: 25ml | H86: 3 | J86: Sim | K86: https://skin1004.com/products/tone-brightening-glow-mask?variant=49826900082934 | L86: =ROUND(H86*(1+Parâmetros!$B$2)*Parâmetros!$B$1,2) | M86: =IF(OR(D86="",L86=""),"",D86/L86-1)
A87: MB000828 | B87: Tone Brightening Glow Mask: máscara em folha iluminadora com niacinamida 25 ml · 25ml x 5ea | C87: Sim | D87: 97.9 | E87: Certeiro | F87: Tone Brightening Glow Mask | G87: 25ml x 5ea | H87: 13.5 | I87: 15 | J87: Sim | K87: https://skin1004.com/products/tone-brightening-glow-mask?variant=49826900115702 | L87: =ROUND(H87*(1+Parâmetros!$B$2)*Parâmetros!$B$1,2) | M87: =IF(OR(D87="",L87=""),"",D87/L87-1)
A88: MB000824 | B88: Tone Brightening Travel Kit: rotina iluminadora em 4 minis | C88: Sim | D88: 141.9 | E88: Certeiro | F88: Tone Brightening Travel Kit | G88: 4-piece Kit | H88: 19.55 | I88: 23 | J88: Sim | K88: https://skin1004.com/products/tone-brightening-travel-kit | L88: =ROUND(H88*(1+Parâmetros!$B$2)*Parâmetros!$B$1,2) | M88: =IF(OR(D88="",L88=""),"",D88/L88-1)
A89: MB000926 | B89: Ampola Centella Teca | C89: Não | D89: 110.9 | E89: Certeiro | F89: Centella Teca Ampoule | G89: 50ml | H89: 15.3 | I89: 17 | J89: Sim | K89: https://skin1004.com/products/centella-teca-ampoule | L89: =ROUND(H89*(1+Parâmetros!$B$2)*Parâmetros!$B$1,2) | M89: =IF(OR(D89="",L89=""),"",D89/L89-1)
A90: MB000854 | B90: Ampola Retinol 0.2 Boosting Shot | C90: Não | D90: 156.9 | E90: Certeiro | F90: Retinol 0.2 Boosting Shot Ampoule | G90: 30ml | H90: 21.6 | I90: 24 | J90: Sim | K90: https://skin1004.com/products/retinol-0-2-boosting-shot-ampoule?variant=48360850194678 | L90: =ROUND(H90*(1+Parâmetros!$B$2)*Parâmetros!$B$1,2) | M90: =IF(OR(D90="",L90=""),"",D90/L90-1)
A91: MB000925 | B91: Creme Centella Teca | C91: Não | D91: 130.9 | E91: Certeiro | F91: Centella Teca Cream | G91: 75ml | H91: 18 | I91: 20 | J91: Sim | K91: https://skin1004.com/products/centella-teca-cream | L91: =ROUND(H91*(1+Parâmetros!$B$2)*Parâmetros!$B$1,2) | M91: =IF(OR(D91="",L91=""),"",D91/L91-1)
A92: MB000944 | B92: Glass Skin Azelaic Acid Essential Kit | C92: Não | D92: 436.9 | E92: Certeiro | F92: Azelaic Acid Glass Skin Essential Set | H92: 60 | I92: 75 | J92: Sim | K92: https://skin1004.com/products/azelaic-acid-glass-skin-essential-set-1 | L92: =ROUND(H92*(1+Parâmetros!$B$2)*Parâmetros!$B$1,2) | M92: =IF(OR(D92="",L92=""),"",D92/L92-1)
A93: MB003023 | B93: Sérum Hyalu-Cica Blue | C93: Não | D93: 101.9 | E93: Certeiro | F93: Hyalu-Cica Blue Serum | G93: 30ml | H93: 14 | J93: Sim | K93: https://skin1004.com/products/skin1004-madagascar-centella-hyalu-cica-blue-serum?variant=40788190396573 | L93: =ROUND(H93*(1+Parâmetros!$B$2)*Parâmetros!$B$1,2) | M93: =IF(OR(D93="",L93=""),"",D93/L93-1)
A94: MB000949 | B94: Ampola Poremizing Fresh 100 ml | C94: Sim | D94: 113.9 | E94: Provável — conferir | F94: Poremizing Fresh Ampoule | G94: 100ml | H94: 20.7 | I94: 23 | J94: Sim | K94: https://skin1004.com/products/poremizing-fresh-ampoule?variant=43861479522550 | L94: =ROUND(H94*(1+Parâmetros!$B$2)*Parâmetros!$B$1,2) | M94: =IF(OR(D94="",L94=""),"",D94/L94-1)
A95: MB000948 | B95: Ampola Tea-Trica Relief 100 ml | C95: Sim | D95: 69.9 | E95: Provável — conferir | F95: Tea-Trica Relief Ampoule | G95: 100ml | H95: 21.6 | I95: 24 | J95: Sim | K95: https://skin1004.com/products/tea-trica-relief-ampoule?variant=43861159379190 | L95: =ROUND(H95*(1+Parâmetros!$B$2)*Parâmetros!$B$1,2) | M95: =IF(OR(D95="",L95=""),"",D95/L95-1)
A96: MB003026 | B96: Ampola de Centella | C96: Sim | D96: 68.9 | E96: Provável — conferir | F96: Centella Ampoule | G96: 100ml | H96: 19.8 | I96: 22 | J96: Sim | K96: https://skin1004.com/products/skin1004-madagascar-centella-ampoule?variant=40788189773981 | L96: =ROUND(H96*(1+Parâmetros!$B$2)*Parâmetros!$B$1,2) | M96: =IF(OR(D96="",L96=""),"",D96/L96-1)
A97: MB003031 | B97: Azelaic Acid 10 Ampoules | C97: Sim | D97: 148.9 | E97: Provável — conferir | F97: Azelaic Acid 10 Ampoule | G97: 30ml | H97: 21.6 | I97: 24 | J97: Sim | K97: https://skin1004.com/products/azelaic-acid-10-ampoule?variant=50120133279990 | L97: =ROUND(H97*(1+Parâmetros!$B$2)*Parâmetros!$B$1,2) | M97: =IF(OR(D97="",L97=""),"",D97/L97-1)
A98: MB000947 | B98: Camera-Ready Pore Routine Set: rotina de 4 passos para poros | C98: Sim | D98: 459.9 | E98: Provável — conferir | F98: [Hudson's Pick] Camera-Ready Pore Routine Set | H98: 63.2 | I98: 79 | J98: Sim | K98: https://skin1004.com/products/celebrity-pick-camera-ready-pore-routine-set | L98: =ROUND(H98*(1+Parâmetros!$B$2)*Parâmetros!$B$1,2) | M98: =IF(OR(D98="",L98=""),"",D98/L98-1)
A99: MB000935 | B99: Centella Ampoule Kit: 4 ampolas mais vendidas da SKIN1004 | C99: Sim | D99: 172.9 | E99: Provável — conferir | F99: Centella Ampoule Kit | G99: 4-piece Kit | H99: 23.8 | I99: 28 | J99: Sim | K99: https://skin1004.com/products/centella-ampoule-kit | L99: =ROUND(H99*(1+Parâmetros!$B$2)*Parâmetros!$B$1,2) | M99: =IF(OR(D99="",L99=""),"",D99/L99-1)
A100: MB000938 | B100: Centella Ampoule: ampola calmante de centella de Madagascar · 100ml | C100: Sim | D100: 121.9 | E100: Provável — conferir | F100: Centella Ampoule | G100: 100ml | H100: 19.8 | I100: 22 | J100: Sim | K100: https://skin1004.com/products/skin1004-madagascar-centella-ampoule?variant=40788189773981 | L100: =ROUND(H100*(1+Parâmetros!$B$2)*Parâmetros!$B$1,2) | M100: =IF(OR(D100="",L100=""),"",D100/L100-1)
...

Sheet Catálogo oficial
A1: Produto oficial | B1: Variante | C1: Preço (US$) | D1: Preço cheio (US$) | E1: Disponível? | F1: Kit/combo? | G1: SKU deles | H1: Link
A2: 1004Day Edition - Bojagi(2026) | C2: 12 | E2: Sim | G2: KRSKY018 | H2: https://skin1004.com/products/1004day-edition-bojagi-2026
A3: 1004Day Edition - Pouch Keyring(2026) | C3: 12 | E3: Sim | G3: KRSKY019 | H3: https://skin1004.com/products/1004day-edition-pouch-keyring2026
A4: Azelaic Acid 10 Ampoule | B4: 30ml | C4: 21.6 | D4: 24 | E4: Sim | G4: EXSKA001 | H4: https://skin1004.com/products/azelaic-acid-10-ampoule?variant=50120133279990
A5: Azelaic Acid 10 Ampoule | B5: 9ml | C5: 10 | E5: Sim | G5: EXSKA002 | H5: https://skin1004.com/products/azelaic-acid-10-ampoule?variant=50752936378614
A6: Azelaic Acid Glass Skin Essential Set | C6: 60 | D6: 75 | E6: Sim | F6: Sim | H6: https://skin1004.com/products/azelaic-acid-glass-skin-essential-set-1
A7: Centella Ampoule Foam | B7: 125ml | C7: 12.6 | D7: 14 | E7: Sim | G7: USSKL011 | H7: https://skin1004.com/products/skin1004-madagascar-centella-ampoule-foam?variant=40788189511837
A8: Centella Ampoule Foam | B8: 20ml | C8: 4 | E8: Sim | G8: USSKL006 | H8: https://skin1004.com/products/skin1004-madagascar-centella-ampoule-foam?variant=40788189479069
A9: Centella Ampoule Kit | B9: 4-piece Kit | C9: 23.8 | D9: 28 | E9: Sim | F9: Sim | G9: USSKK009 | H9: https://skin1004.com/products/centella-ampoule-kit
A10: Centella Ampoule | B10: 100ml | C10: 19.8 | D10: 22 | E10: Sim | G10: USSKA022 | H10: https://skin1004.com/products/skin1004-madagascar-centella-ampoule?variant=40788189773981
A11: Centella Ampoule | B11: 30ml | C11: 9.5 | E11: Sim | G11: USSKA012 | H11: https://skin1004.com/products/skin1004-madagascar-centella-ampoule?variant=40788189708445
A12: Centella Ampoule | B12: 55ml | C12: 13.5 | D12: 15 | E12: Sim | G12: USSKA023 | H12: https://skin1004.com/products/skin1004-madagascar-centella-ampoule?variant=40788189741213
A13: Centella Cream | B13: 30ml | C13: 9 | E13: Esgotado | G13: USSKC011 | H13: https://skin1004.com/products/skin1004-madagascar-centella-cream?variant=40788189872285
A14: Centella Cream | B14: 75ml | C14: 18 | D14: 20 | E14: Sim | G14: USSKC016 | H14: https://skin1004.com/products/skin1004-madagascar-centella-cream?variant=40788189905053
A15: Centella Light Cleansing Oil | B15: 200ml | C15: 18.9 | D15: 21 | E15: Sim | G15: USSKL009 | H15: https://skin1004.com/products/skin1004-madagascar-centella-light-cleansing-oil?variant=40788189413533
A16: Centella Light Cleansing Oil | B16: 30ml | C16: 5.5 | E16: Sim | G16: USSKL004 | H16: https://skin1004.com/products/skin1004-madagascar-centella-light-cleansing-oil?variant=40788189380765
A17: Centella Quick Calming Pad | B17: 70 Pads | C17: 18.9 | D17: 21 | E17: Sim | G17: USSKM009 | H17: https://skin1004.com/products/skin1004-madagascar-centella-quick-calming-pad
A18: Centella Skincare Routine Set | C18: 73.6 | D18: 92 | E18: Sim | F18: Sim | G18: CRS001 | H18: https://skin1004.com/products/centella-skincare-routine-set-1
A19: Centella Soothing Cream | B19: 30ml | C19: 7.5 | E19: Sim | G19: USSKC009 | H19: https://skin1004.com/products/skin1004-madagascar-centella-soothing-cream?variant=40788189806749
A20: Centella Soothing Cream | B20: 75ml | C20: 14.4 | D20: 16 | E20: Sim | G20: USSKC015 | H20: https://skin1004.com/products/skin1004-madagascar-centella-soothing-cream?variant=40788189839517
A21: Centella Teca Ampoule | B21: 50ml | C21: 15.3 | D21: 17 | E21: Sim | G21: USSKA060 | H21: https://skin1004.com/products/centella-teca-ampoule
A22: Centella Teca Cream | B22: 75ml | C22: 18 | D22: 20 | E22: Sim | G22: USSKC038 | H22: https://skin1004.com/products/centella-teca-cream
A23: Centella Teca Intensive Soothing Routine Set | C23: 60.8 | D23: 76 | E23: Sim | F23: Sim | H23: https://skin1004.com/products/centella-teca-intensive-soothing-routine-set
A24: Centella Teca Soothing Toner | B24: 210ml | C24: 18 | D24: 20 | E24: Sim | G24: USSKT022 | H24: https://skin1004.com/products/centella-teca-soothing-toner
A25: Centella Toning Toner | B25: 210ml | C25: 16.2 | D25: 18 | E25: Sim | G25: USSKT007 | H25: https://skin1004.com/products/skin1004-madagascar-centella-toning-toner?variant=40788189610141
A26: Centella Toning Toner | B26: 30ml | C26: 5 | E26: Sim | G26: USSKT005 | H26: https://skin1004.com/products/skin1004-madagascar-centella-toning-toner?variant=40788189577373
A27: Centella Toning Toner | B27: 400ml | C27: 23.4 | D27: 26 | E27: Sim | G27: USSKT008 | H27: https://skin1004.com/products/skin1004-madagascar-centella-toning-toner?variant=40788189642909
A28: Centella Travel Kit | B28: 5-piece Kit | C28: 22.1 | D28: 26 | E28: Sim | F28: Sim | G28: USSKK011 | H28: https://skin1004.com/products/skin1004-madagascar-centella-travel-kit
A29: Centella Watergel Sheet Ampoule Mask | B29: 25ml | C29: 3 | E29: Sim | G29: USSKM007 | H29: https://skin1004.com/products/skin1004-madagascar-centella-watergel-sheet-ampoule-mask?variant=40788190003357
A30: Centella Watergel Sheet Ampoule Mask | B30: 25ml x 5EA | C30: 13.5 | D30: 15 | E30: Sim | G30: USSKM008 | H30: https://skin1004.com/products/skin1004-madagascar-centella-watergel-sheet-ampoule-mask?variant=40788190036125
A31: Daily Moisture Routine Duo | C31: 32 | D31: 40 | E31: Sim | F31: Sim | H31: https://skin1004.com/products/daily-moisture-routine-duo
A32: Double Cleansing Duo | C32: 28 | D32: 35 | E32: Sim | F32: Sim | H32: https://skin1004.com/products/double-cleansing-duo-1
A33: Hudson's GURWM Set | C33: 115.2 | D33: 144 | E33: Sim | F33: Sim | H33: https://skin1004.com/products/hudsons-gurwm-set
A34: Hudson’s GRWM Set | C34: 68.8 | D34: 86 | E34: Sim | F34: Sim | H34: https://skin1004.com/products/hudsons-grwm-set
A35: Hyalu-Cica Blue Serum | B35: 30ml | C35: 14 | E35: Sim | G35: USSKA017 | H35: https://skin1004.com/products/skin1004-madagascar-centella-hyalu-cica-blue-serum?variant=40788190396573
A36: Hyalu-Cica Blue Serum | B36: 50ml | C36: 19.8 | D36: 22 | E36: Sim | G36: USSKA034 | H36: https://skin1004.com/products/skin1004-madagascar-centella-hyalu-cica-blue-serum?variant=40788190429341
A37: Hyalu-Cica Brightening Toner | B37: 210ml | C37: 18 | D37: 20 | E37: Sim | G37: USSKT013 | H37: https://skin1004.com/products/skin1004-madagascar-centella-hyalu-cica-brightening-toner?variant=40788190331037
A38: Hyalu-Cica Brightening Toner | B38: 30ml | C38: 6 | E38: Sim | G38: USSKT006 | H38: https://skin1004.com/products/skin1004-madagascar-centella-hyalu-cica-brightening-toner?variant=40788190298269
A39: Hyalu-Cica Cloudy Mist | B39: 120ml | C39: 19.8 | D39: 22 | E39: Sim | G39: USSKT002 | H39: https://skin1004.com/products/skin1004-madagascar-centella-hyalu-cica-cloudy-mist
A40: Hyalu-Cica First Ampoule | B40: 100ml | C40: 20.7 | D40: 23 | E40: Sim | G40: USSKA035 | H40: https://skin1004.com/products/skin1004-madagascar-centella-hyalu-cica-first-ampoule?variant=45493248458998
A41: Hyalu-Cica First Ampoule | B41: 50ml | C41: 14.85 | D41: 16.5 | E41: Sim | G41: USSKA036 | H41: https://skin1004.com/products/skin1004-madagascar-centella-hyalu-cica-first-ampoule?variant=45493248491766
A42: Hyalu-Cica Hydrating Mask | B42: 23ml | C42: 3 | E42: Sim | G42: USSKM020 | H42: https://skin1004.com/products/hyalu-cica-hydrating-mask?variant=49826893234422
A43: Hyalu-Cica Hydrating Mask | B43: 23ml x 5ea | C43: 13.5 | D43: 15 | E43: Sim | G43: USSKM021 | H43: https://skin1004.com/products/hyalu-cica-hydrating-mask?variant=49826893267190
A44: Hyalu-Cica Jelly-Fit Ampoule Pad | B44: 60ea | C44: 18.9 | D44: 21 | E44: Sim | G44: USSKM023 | H44: https://skin1004.com/products/hyalu-cica-jelly-fit-ampoule-pad
A45: Hyalu-Cica Moisture Cream | B45: 30ml | C45: 9 | E45: Sim | G45: USSKC022 | H45: https://skin1004.com/products/madagascar-centella-hyalu-cica-moisture-cream-75ml?variant=50111823872246
A46: Hyalu-Cica Moisture Cream | B46: 75ml | C46: 18.9 | D46: 21 | E46: Sim | G46: USSKC020 | H46: https://skin1004.com/products/madagascar-centella-hyalu-cica-moisture-cream-75ml?variant=50098851283190
A47: Hyalu-Cica Sleeping Pack | B47: 100ml | C47: 17.1 | D47: 19 | E47: Sim | G47: USSKM019 | H47: https://skin1004.com/products/skin1004-madagascar-centella-hyalu-cica-sleeping-pack?variant=40788190494877
A48: Hyalu-Cica Sleeping Pack | B48: 30ml | C48: 7 | E48: Sim | G48: USSKM006 | H48: https://skin1004.com/products/skin1004-madagascar-centella-hyalu-cica-sleeping-pack?variant=40788190462109
A49: Hyalu-Cica Travel Kit | B49: 4-piece Kit | C49: 22.1 | D49: 26 | E49: Sim | F49: Sim | G49: USSKK041 | H49: https://skin1004.com/products/hyalu-cica-travel-kit
A50: Hyalu-Cica Water-Fit Sun Serum UV | B50: 50ml | C50: 17.1 | D50: 19 | E50: Sim | G50: USSKS001 | H50: https://skin1004.com/products/hyalu-cica-water-fit-sun-serum-uv?variant=49278926487798
A51: Hyalu-Cica Water-Fit Sun Serum UV | B51: Twin Pack (50ml x 2) | C51: 24.3 | D51: 27 | E51: Sim | F51: Sim | G51: USSKS004 | H51: https://skin1004.com/products/hyalu-cica-water-fit-sun-serum-uv?variant=51261874995446
A52: Hyalu-Teca Firming Cream | B52: 50ml | C52: 18.9 | D52: 21 | E52: Sim | G52: USSKC040 | H52: https://skin1004.com/products/hyalu-teca-firming-cream
A53: Hyalu-Teca Glass Skin Milk | B53: 210ml | C53: 19.8 | D53: 22 | E53: Sim | G53: USSKT023 | H53: https://skin1004.com/products/hyalu-teca-glass-skin-milk
A54: Hyalu-Teca Moisture Glow Ritual Set | C54: 49.6 | D54: 62 | E54: Sim | F54: Sim | H54: https://skin1004.com/products/hyalu-teca-moisture-glow-ritual-set
A55: Hyalu-Teca Plumping Ampoule | B55: 50ml | C55: 17.1 | D55: 19 | E55: Sim | G55: USSKA066 | H55: https://skin1004.com/products/hyalu-teca-plumping-ampoule
A56: Hydration Set | C56: 52.8 | D56: 66 | E56: Sim | F56: Sim | H56: https://skin1004.com/products/hydration-set
A57: Matrixyl 10 Boosting Shot Ampoule | B57: 30ml | C57: 25.2 | D57: 28 | E57: Sim | G57: USSKA021 | H57: https://skin1004.com/products/matrixyl-10-boosting-shot-ampoule
A58: Niacinamide 10 Boosting Shot Ampoule | B58: 30ml | C58: 19.8 | D58: 22 | E58: Sim | G58: USSKA019 | H58: https://skin1004.com/products/niacinamide-10-boosting-shot-ampoule?variant=48360730755318
A59: Niacinamide 10 Boosting Shot Ampoule | B59: 9ml | C59: 9 | D59: 22 | E59: Esgotado | G59: USSKA104 | H59: https://skin1004.com/products/niacinamide-10-boosting-shot-ampoule?variant=52041475031286
A60: PDRN 1.5 Cream | B60: 30ml | C60: 19.8 | D60: 22 | E60: Sim | G60: USSKC060 | H60: https://skin1004.com/products/pdrn-1-5-cream
A61: Perfect Anti-Aging Routine Set | C61: 70.4 | D61: 88 | E61: Sim | F61: Sim | H61: https://skin1004.com/products/perfect-anti-aging-routine-set
A62: Perfect Pore Set | C62: 74.4 | D62: 93 | E62: Sim | F62: Sim | H62: https://skin1004.com/products/perfect-pore-set
A63: Pick Your Boost Set | C63: 59.2 | D63: 74 | E63: Sim | F63: Sim | H63: https://skin1004.com/products/pick-your-boost-set-1
A64: Poremizing Clarifying Mask | B64: 23ml | C64: 3 | E64: Esgotado | G64: USSKM015 | H64: https://skin1004.com/products/poremizing-clarifying-mask?variant=49826900607222
A65: Poremizing Clarifying Mask | B65: 23ml x 5ea | C65: 13.5 | D65: 15 | E65: Sim | G65: USSKM016 | H65: https://skin1004.com/products/poremizing-clarifying-mask?variant=49826900639990
A66: Poremizing Clear Toner | B66: 210ml | C66: 17.1 | D66: 19 | E66: Sim | G66: USSKT011 | H66: https://skin1004.com/products/poremizing-clear-toner
A67: Poremizing Deep Cleansing Foam | B67: 125ml | C67: 12.6 | D67: 14 | E67: Sim | G67: USSKL015 | H67: https://skin1004.com/products/poremizing-deep-cleansing-foam
A68: Poremizing Fresh Ampoule | B68: 100ml | C68: 20.7 | D68: 23 | E68: Sim | G68: USSKA029 | H68: https://skin1004.com/products/poremizing-fresh-ampoule?variant=43861479522550
A69: Poremizing Fresh Ampoule | B69: 30ml | C69: 9.5 | E69: Sim | G69: USSKA015 | H69: https://skin1004.com/products/poremizing-fresh-ampoule?variant=45493099397366
A70: Poremizing Fresh Ampoule | B70: 50ml | C70: 15.3 | D70: 17 | E70: Sim | G70: USSKA030 | H70: https://skin1004.com/products/poremizing-fresh-ampoule?variant=45493099364598
A71: Poremizing Glow Wrapping Mask | C71: 18 | D71: 20 | E71: Sim | H71: https://skin1004.com/products/poremizing-glow-wrapping-mask-1
A72: Poremizing Light Gel Cream | B72: 75ml | C72: 18.9 | D72: 21 | E72: Sim | G72: USSKC018 | H72: https://skin1004.com/products/poremizing-light-gel-cream
A73: Poremizing Quick Clay Stick Mask | B73: 27g | C73: 19.8 | D73: 22 | E73: Sim | G73: USSKM014 | H73: https://skin1004.com/products/poremizing-quick-clay-stick-mask
A74: Poremizing Travel Kit | B74: 4-piece Kit | C74: 18.7 | D74: 22 | E74: Sim | F74: Sim | G74: USSKK040 | H74: https://skin1004.com/products/poremizing-travel-kit
A75: Probio-Cica Bakuchiol Eye Cream | B75: 20ml | C75: 18.9 | D75: 21 | E75: Sim | G75: USSKP007 | H75: https://skin1004.com/products/probio-cica-bakuchiol-eye-cream?variant=46026428383478
A76: Probio-Cica Bakuchiol Eye Cream | B76: Twin Pack (20ml x 2) | C76: 27 | D76: 30 | E76: Sim | F76: Sim | G76: USSKP008 | H76: https://skin1004.com/products/probio-cica-bakuchiol-eye-cream?variant=46026428449014
A77: Probio-Cica Enrich Cream | B77: 15ml | C77: 10 | E77: Sim | G77: USSKC013 | H77: https://skin1004.com/products/probio-cica-enrich-cream?variant=45493266514166
A78: Probio-Cica Enrich Cream | B78: 50ml | C78: 21.6 | D78: 24 | E78: Sim | G78: USSKC019 | H78: https://skin1004.com/products/probio-cica-enrich-cream?variant=45360183607542
A79: Probio-Cica Essence Toner | B79: 210ml | C79: 18.9 | D79: 21 | E79: Sim | G79: USSKT012 | H79: https://skin1004.com/products/probio-cica-essence-toner
A80: Probio-Cica Intensive Ampoule | B80: 30ml | C80: 13 | E80: Sim | G80: USSKA016 | H80: https://skin1004.com/products/probio-cica-intensive-ampoule?variant=50349565378806
A81: Probio-Cica Intensive Ampoule | B81: 50ml | C81: 19.8 | D81: 22 | E81: Sim | G81: USSKA032 | H81: https://skin1004.com/products/probio-cica-intensive-ampoule?variant=45360175186166
A82: Probio-Cica Intensive Ampoule | B82: 95ml | C82: 27 | D82: 30 | E82: Sim | G82: USSKA033 | H82: https://skin1004.com/products/probio-cica-intensive-ampoule?variant=45360175218934
A83: Probio-Cica Nourishing Mask | B83: 22ml | C83: 3 | E83: Sim | G83: USSKM017 | H83: https://skin1004.com/products/probio-cica-nourishing-mask?variant=49824653148406
A84: Probio-Cica Nourishing Mask | B84: 22ml x 5ea | C84: 13.5 | D84: 15 | E84: Sim | G84: USSKM018 | H84: https://skin1004.com/products/probio-cica-nourishing-mask?variant=49824653181174
A85: Retinol 0.2 Boosting Shot Ampoule | B85: 30ml | C85: 21.6 | D85: 24 | E85: Sim | G85: USSKA020 | H85: https://skin1004.com/products/retinol-0-2-boosting-shot-ampoule?variant=48360850194678
A86: Retinol 0.2 Boosting Shot Ampoule | B86: 9ml | C86: 10 | D86: 24 | E86: Esgotado | G86: USSKA102 | H86: https://skin1004.com/products/retinol-0-2-boosting-shot-ampoule?variant=52041476473078
A87: Retinol Glow Routine Set | C87: 46.4 | D87: 58 | E87: Sim | F87: Sim | H87: https://skin1004.com/products/retinol-glow-routine-set
A88: SKIN1004 Signature Pouch | C88: 12.9 | E88: Sim | G88: KRSKY001 | H88: https://skin1004.com/products/skin1004-signature-pouch
A89: Skin Relief Duo | C89: 32 | D89: 40 | E89: Sim | F89: Sim | H89: https://skin1004.com/products/skin-relief-duo
A90: Spot Cover Patch Set | B90: 110ea (22ea x 5) | C90: 17 | E90: Sim | F90: Sim | G90: USSKK054 | H90: https://skin1004.com/products/tea-trica-spot-cover-patch-copy
A91: Spot Cover Patch | B91: 1 Pack (22ea) | C91: 4.5 | E91: Sim | G91: USSKP009 | H91: https://skin1004.com/products/tea-trica-spot-cover-patch
A92: Tea-Trica B5 Cream | B92: 75ml | C92: 18.9 | D92: 21 | E92: Sim | G92: USSKC005 | H92: https://skin1004.com/products/skin1004-madagascar-centella-tea-trica-b5-cream
A93: Tea-Trica BHA Foam | B93: 125ml | C93: 13.5 | D93: 15 | E93: Sim | G93: USSKL014 | H93: https://skin1004.com/products/tea-trica-bha-foam
A94: Tea-Trica Mild Peeling Gel | B94: 125ml | C94: 18 | E94: Sim | G94: USSKL020 | H94: https://skin1004.com/products/tea-trica-mild-peeling-gel-1
A95: Tea-Trica Purifying Toner | B95: 210ml | C95: 18 | D95: 20 | E95: Sim | G95: USSKT010 | H95: https://skin1004.com/products/tea-trica-purifying-toner
A96: Tea-Trica Relaxing Mask | B96: 24ml | C96: 3 | E96: Sim | G96: USSKM012 | H96: https://skin1004.com/products/tea-trica-relaxing-mask?variant=49826882420982
A97: Tea-Trica Relaxing Mask | B97: 24ml x 5ea | C97: 13.5 | D97: 15 | E97: Sim | G97: USSKM013 | H97: https://skin1004.com/products/tea-trica-relaxing-mask?variant=49826882453750
A98: Tea-Trica Relief Ampoule | B98: 100ml | C98: 21.6 | D98: 24 | E98: Sim | G98: USSKA028 | H98: https://skin1004.com/products/tea-trica-relief-ampoule?variant=43861159379190
A99: Tea-Trica Relief Ampoule | B99: 30ml | C99: 9.8 | E99: Sim | G99: USSKA014 | H99: https://skin1004.com/products/tea-trica-relief-ampoule?variant=45493283291382
A100: Tea-Trica SOS Relief Set | C100: 63.2 | D100: 79 | E100: Sim | F100: Sim | H100: https://skin1004.com/products/tea-trica-intensive-calming-set-1
...

Sheet Parâmetros
A1: Câmbio US$ → R$ | B1: 5.4
A2: Acréscimo sobre o preço do exterior | B2: 0.2
A4: Mude os valores acima e a coluna "Mercadoria sugerida" recalcula.
A5: Site oficial: https://skin1004.com · loja "SKIN1004" · moeda USD · lido em 30/10/2026 06:07 UTC
A6: Regra (Guia de precificação OMG): produto sem concorrente válido → varejo no exterior em US$ + 20%, convertido = preço da mercadoria no site. Frete e impostos entram no checkout.
